date,value,sum,rate
2022/9/30,56,164,34.15
2022/9/30,38,164,23.17
2022/9/30,15,164,9.15
2022/9/30,15,164,9.15
2022/9/30,14,164,8.54
2022/9/30,5,164,3.05
2022/9/30,5,164,3.05
2022/9/30,3,164,1.83
2022/9/30,3,164,1.83
2022/9/30,3,164,1.83
2022/9/30,1,164,0.61
2022/9/30,1,164,0.61
2022/9/30,1,164,0.61
2022/9/30,1,164,0.61
2022/9/30,1,164,0.61
2022/9/30,1,164,0.61
2022/9/30,1,164,0.61
2022/9/29,31,103,30.1
2022/9/29,22,103,21.36
2022/9/29,13,103,12.62
2022/9/29,7,103,6.8
2022/9/29,6,103,5.83
2022/9/29,4,103,3.88
2022/9/29,4,103,3.88
2022/9/29,3,103,2.91
2022/9/29,3,103,2.91
2022/9/29,2,103,1.94
2022/9/29,2,103,1.94
2022/9/29,1,103,0.97
2022/9/29,1,103,0.97
2022/9/29,1,103,0.97
2022/9/29,1,103,0.97
2022/9/29,1,103,0.97
2022/9/29,1,103,0.97
2022/9/28,29,119,24.37
2022/9/28,28,119,23.53
2022/9/28,23,119,19.33
2022/9/28,9,119,7.56
2022/9/28,7,119,5.88
2022/9/28,5,119,4.2
2022/9/28,5,119,4.2
2022/9/28,3,119,2.52
2022/9/28,3,119,2.52
2022/9/28,2,119,1.68
2022/9/28,1,119,0.84
2022/9/28,1,119,0.84
2022/9/28,1,119,0.84
2022/9/28,1,119,0.84
2022/9/28,1,119,0.84
2022/9/27,39,122,31.97
2022/9/27,37,122,30.33
2022/9/27,11,122,9.02
2022/9/27,6,122,4.92
2022/9/27,6,122,4.92
2022/9/27,4,122,3.28
2022/9/27,3,122,2.46
2022/9/27,3,122,2.46
2022/9/27,3,122,2.46
2022/9/27,3,122,2.46
2022/9/27,2,122,1.64
2022/9/27,2,122,1.64
2022/9/27,1,122,0.82
2022/9/27,1,122,0.82
2022/9/27,1,122,0.82
2022/9/26,102,196,52.04
2022/9/26,28,196,14.29
2022/9/26,16,196,8.16
2022/9/26,13,196,6.63
2022/9/26,7,196,3.57
2022/9/26,5,196,2.55
2022/9/26,4,196,2.04
2022/9/26,4,196,2.04
2022/9/26,4,196,2.04
2022/9/26,3,196,1.53
2022/9/26,3,196,1.53
2022/9/26,2,196,1.02
2022/9/26,1,196,0.51
2022/9/26,1,196,0.51
2022/9/26,1,196,0.51
2022/9/26,1,196,0.51
2022/9/26,1,196,0.51
2022/9/25,77,226,34.07
2022/9/25,40,226,17.7
2022/9/25,29,226,12.83
2022/9/25,15,226,6.64
2022/9/25,14,226,6.19
2022/9/25,14,226,6.19
2022/9/25,11,226,4.87
2022/9/25,11,226,4.87
2022/9/25,5,226,2.21
2022/9/25,3,226,1.33
2022/9/25,3,226,1.33
2022/9/25,1,226,0.44
2022/9/25,1,226,0.44
2022/9/25,1,226,0.44
2022/9/25,1,226,0.44
2022/9/24,100,241,41.49
2022/9/24,32,241,13.28
2022/9/24,25,241,10.37
2022/9/24,24,241,9.96
2022/9/24,18,241,7.47
2022/9/24,13,241,5.39
2022/9/24,6,241,2.49
2022/9/24,5,241,2.07
2022/9/24,3,241,1.24
2022/9/24,2,241,0.83
2022/9/24,2,241,0.83
2022/9/24,2,241,0.83
2022/9/24,2,241,0.83
2022/9/24,1,241,0.41
2022/9/24,1,241,0.41
2022/9/24,1,241,0.41
2022/9/24,1,241,0.41
2022/9/24,1,241,0.41
2022/9/24,1,241,0.41
2022/9/24,1,241,0.41
2022/9/23,59,146,40.41
2022/9/23,22,146,15.07
2022/9/23,10,146,6.85
2022/9/23,10,146,6.85
2022/9/23,8,146,5.48
2022/9/23,7,146,4.79
2022/9/23,6,146,4.11
2022/9/23,6,146,4.11
2022/9/23,3,146,2.05
2022/9/23,3,146,2.05
2022/9/23,2,146,1.37
2022/9/23,2,146,1.37
2022/9/23,2,146,1.37
2022/9/23,1,146,0.68
2022/9/23,1,146,0.68
2022/9/23,1,146,0.68
2022/9/23,1,146,0.68
2022/9/23,1,146,0.68
2022/9/23,1,146,0.68
2022/9/22,129,233,55.36
2022/9/22,29,233,12.45
2022/9/22,19,233,8.15
2022/9/22,10,233,4.29
2022/9/22,10,233,4.29
2022/9/22,9,233,3.86
2022/9/22,5,233,2.15
2022/9/22,4,233,1.72
2022/9/22,3,233,1.29
2022/9/22,2,233,0.86
2022/9/22,2,233,0.86
2022/9/22,2,233,0.86
2022/9/22,2,233,0.86
2022/9/22,1,233,0.43
2022/9/22,1,233,0.43
2022/9/22,1,233,0.43
2022/9/22,1,233,0.43
2022/9/22,1,233,0.43
2022/9/22,1,233,0.43
2022/9/22,1,233,0.43
2022/9/21,113,234,48.29
2022/9/21,27,234,11.54
2022/9/21,24,234,10.26
2022/9/21,10,234,4.27
2022/9/21,8,234,3.42
2022/9/21,7,234,2.99
2022/9/21,7,234,2.99
2022/9/21,7,234,2.99
2022/9/21,6,234,2.56
2022/9/21,6,234,2.56
2022/9/21,4,234,1.71
2022/9/21,4,234,1.71
2022/9/21,3,234,1.28
2022/9/21,2,234,0.85
2022/9/21,1,234,0.43
2022/9/21,1,234,0.43
2022/9/21,1,234,0.43
2022/9/21,1,234,0.43
2022/9/21,1,234,0.43
2022/9/21,1,234,0.43
2022/9/20,86,278,30.94
2022/9/20,64,278,23.02
2022/9/20,45,278,16.19
2022/9/20,31,278,11.15
2022/9/20,9,278,3.24
2022/9/20,7,278,2.52
2022/9/20,6,278,2.16
2022/9/20,5,278,1.8
2022/9/20,4,278,1.44
2022/9/20,4,278,1.44
2022/9/20,4,278,1.44
2022/9/20,2,278,0.72
2022/9/20,2,278,0.72
2022/9/20,2,278,0.72
2022/9/20,2,278,0.72
2022/9/20,1,278,0.36
2022/9/20,1,278,0.36
2022/9/20,1,278,0.36
2022/9/20,1,278,0.36
2022/9/20,1,278,0.36
2022/9/19,89,293,30.38
2022/9/19,72,293,24.57
2022/9/19,37,293,12.63
2022/9/19,12,293,4.1
2022/9/19,12,293,4.1
2022/9/19,11,293,3.75
2022/9/19,10,293,3.41
2022/9/19,7,293,2.39
2022/9/19,7,293,2.39
2022/9/19,7,293,2.39
2022/9/19,4,293,1.37
2022/9/19,4,293,1.37
2022/9/19,3,293,1.02
2022/9/19,3,293,1.02
2022/9/19,3,293,1.02
2022/9/19,3,293,1.02
2022/9/19,2,293,0.68
2022/9/19,1,293,0.34
2022/9/19,1,293,0.34
2022/9/19,1,293,0.34
2022/9/19,1,293,0.34
2022/9/19,1,293,0.34
2022/9/19,1,293,0.34
2022/9/19,1,293,0.34
2022/9/18,93,315,29.52
2022/9/18,58,315,18.41
2022/9/18,54,315,17.14
2022/9/18,45,315,14.29
2022/9/18,21,315,6.67
2022/9/18,6,315,1.9
2022/9/18,5,315,1.59
2022/9/18,4,315,1.27
2022/9/18,4,315,1.27
2022/9/18,3,315,0.95
2022/9/18,3,315,0.95
2022/9/18,3,315,0.95
2022/9/18,3,315,0.95
2022/9/18,3,315,0.95
2022/9/18,2,315,0.63
2022/9/18,2,315,0.63
2022/9/18,2,315,0.63
2022/9/18,1,315,0.32
2022/9/18,1,315,0.32
2022/9/18,1,315,0.32
2022/9/18,1,315,0.32
2022/9/17,111,315,35.24
2022/9/17,54,315,17.14
2022/9/17,37,315,11.75
2022/9/17,27,315,8.57
2022/9/17,24,315,7.62
2022/9/17,11,315,3.49
2022/9/17,10,315,3.17
2022/9/17,8,315,2.54
2022/9/17,4,315,1.27
2022/9/17,4,315,1.27
2022/9/17,4,315,1.27
2022/9/17,3,315,0.95
2022/9/17,3,315,0.95
2022/9/17,3,315,0.95
2022/9/17,2,315,0.63
2022/9/17,2,315,0.63
2022/9/17,2,315,0.63
2022/9/17,2,315,0.63
2022/9/17,1,315,0.32
2022/9/17,1,315,0.32
2022/9/17,1,315,0.32
2022/9/17,1,315,0.32
2022/9/16,74,255,29.02
2022/9/16,52,255,20.39
2022/9/16,39,255,15.29
2022/9/16,25,255,9.8
2022/9/16,18,255,7.06
2022/9/16,13,255,5.1
2022/9/16,6,255,2.35
2022/9/16,5,255,1.96
2022/9/16,3,255,1.18
2022/9/16,3,255,1.18
2022/9/16,2,255,0.78
2022/9/16,2,255,0.78
2022/9/16,2,255,0.78
2022/9/16,2,255,0.78
2022/9/16,2,255,0.78
2022/9/16,1,255,0.39
2022/9/16,1,255,0.39
2022/9/16,1,255,0.39
2022/9/16,1,255,0.39
2022/9/16,1,255,0.39
2022/9/16,1,255,0.39
2022/9/16,1,255,0.39
2022/9/15,340,755,45.03
2022/9/15,219,755,29.01
2022/9/15,84,755,11.13
2022/9/15,49,755,6.49
2022/9/15,11,755,1.46
2022/9/15,10,755,1.32
2022/9/15,5,755,0.66
2022/9/15,5,755,0.66
2022/9/15,4,755,0.53
2022/9/15,4,755,0.53
2022/9/15,3,755,0.4
2022/9/15,3,755,0.4
2022/9/15,3,755,0.4
2022/9/15,2,755,0.26
2022/9/15,2,755,0.26
2022/9/15,2,755,0.26
2022/9/15,2,755,0.26
2022/9/15,2,755,0.26
2022/9/15,2,755,0.26
2022/9/15,1,755,0.13
2022/9/15,1,755,0.13
2022/9/15,1,755,0.13
2022/9/14,293,506,57.91
2022/9/14,58,506,11.46
2022/9/14,51,506,10.08
2022/9/14,28,506,5.53
2022/9/14,15,506,2.96
2022/9/14,10,506,1.98
2022/9/14,7,506,1.38
2022/9/14,6,506,1.19
2022/9/14,6,506,1.19
2022/9/14,5,506,0.99
2022/9/14,4,506,0.79
2022/9/14,4,506,0.79
2022/9/14,3,506,0.59
2022/9/14,3,506,0.59
2022/9/14,3,506,0.59
2022/9/14,2,506,0.4
2022/9/14,1,506,0.2
2022/9/14,1,506,0.2
2022/9/14,1,506,0.2
2022/9/14,1,506,0.2
2022/9/14,1,506,0.2
2022/9/14,1,506,0.2
2022/9/14,1,506,0.2
2022/9/14,1,506,0.2
2022/9/13,176,333,52.85
2022/9/13,43,333,12.91
2022/9/13,36,333,10.81
2022/9/13,28,333,8.41
2022/9/13,7,333,2.1
2022/9/13,7,333,2.1
2022/9/13,6,333,1.8
2022/9/13,5,333,1.5
2022/9/13,5,333,1.5
2022/9/13,4,333,1.2
2022/9/13,3,333,0.9
2022/9/13,3,333,0.9
2022/9/13,2,333,0.6
2022/9/13,2,333,0.6
2022/9/13,2,333,0.6
2022/9/13,1,333,0.3
2022/9/13,1,333,0.3
2022/9/13,1,333,0.3
2022/9/13,1,333,0.3
2022/9/12,205,420,48.81
2022/9/12,67,420,15.95
2022/9/12,59,420,14.05
2022/9/12,39,420,9.29
2022/9/12,16,420,3.81
2022/9/12,9,420,2.14
2022/9/12,5,420,1.19
2022/9/12,4,420,0.95
2022/9/12,4,420,0.95
2022/9/12,3,420,0.71
2022/9/12,2,420,0.48
2022/9/12,2,420,0.48
2022/9/12,2,420,0.48
2022/9/12,1,420,0.24
2022/9/12,1,420,0.24
2022/9/12,1,420,0.24
2022/9/11,291,484,60.12
2022/9/11,50,484,10.33
2022/9/11,46,484,9.5
2022/9/11,25,484,5.17
2022/9/11,21,484,4.34
2022/9/11,8,484,1.65
2022/9/11,8,484,1.65
2022/9/11,7,484,1.45
2022/9/11,5,484,1.03
2022/9/11,5,484,1.03
2022/9/11,4,484,0.83
2022/9/11,3,484,0.62
2022/9/11,3,484,0.62
2022/9/11,2,484,0.41
2022/9/11,2,484,0.41
2022/9/11,1,484,0.21
2022/9/11,1,484,0.21
2022/9/11,1,484,0.21
2022/9/11,1,484,0.21
2022/9/10,136,351,38.75
2022/9/10,69,351,19.66
2022/9/10,57,351,16.24
2022/9/10,25,351,7.12
2022/9/10,16,351,4.56
2022/9/10,13,351,3.7
2022/9/10,5,351,1.42
2022/9/10,5,351,1.42
2022/9/10,3,351,0.85
2022/9/10,3,351,0.85
2022/9/10,3,351,0.85
2022/9/10,3,351,0.85
2022/9/10,2,351,0.57
2022/9/10,2,351,0.57
2022/9/10,2,351,0.57
2022/9/10,2,351,0.57
2022/9/10,2,351,0.57
2022/9/10,1,351,0.28
2022/9/10,1,351,0.28
2022/9/10,1,351,0.28
2022/9/9,121,330,36.67
2022/9/9,69,330,20.91
2022/9/9,54,330,16.36
2022/9/9,17,330,5.15
2022/9/9,14,330,4.24
2022/9/9,11,330,3.33
2022/9/9,7,330,2.12
2022/9/9,6,330,1.82
2022/9/9,5,330,1.52
2022/9/9,5,330,1.52
2022/9/9,4,330,1.21
2022/9/9,4,330,1.21
2022/9/9,4,330,1.21
2022/9/9,2,330,0.61
2022/9/9,2,330,0.61
2022/9/9,2,330,0.61
2022/9/9,1,330,0.3
2022/9/9,1,330,0.3
2022/9/9,1,330,0.3
2022/9/8,88,306,28.76
2022/9/8,71,306,23.2
2022/9/8,30,306,9.8
2022/9/8,24,306,7.84
2022/9/8,20,306,6.54
2022/9/8,17,306,5.56
2022/9/8,14,306,4.58
2022/9/8,14,306,4.58
2022/9/8,5,306,1.63
2022/9/8,4,306,1.31
2022/9/8,3,306,0.98
2022/9/8,2,306,0.65
2022/9/8,2,306,0.65
2022/9/8,2,306,0.65
2022/9/8,2,306,0.65
2022/9/8,2,306,0.65
2022/9/8,2,306,0.65
2022/9/8,2,306,0.65
2022/9/8,1,306,0.33
2022/9/8,1,306,0.33
2022/9/7,92,237,38.82
2022/9/7,41,237,17.3
2022/9/7,22,237,9.28
2022/9/7,17,237,7.17
2022/9/7,15,237,6.33
2022/9/7,11,237,4.64
2022/9/7,11,237,4.64
2022/9/7,8,237,3.38
2022/9/7,4,237,1.69
2022/9/7,2,237,0.84
2022/9/7,2,237,0.84
2022/9/7,2,237,0.84
2022/9/7,2,237,0.84
2022/9/7,2,237,0.84
2022/9/7,1,237,0.42
2022/9/7,1,237,0.42
2022/9/7,1,237,0.42
2022/9/7,1,237,0.42
2022/9/7,1,237,0.42
2022/9/7,1,237,0.42
2022/9/6,121,284,42.61
2022/9/6,52,284,18.31
2022/9/6,48,284,16.9
2022/9/6,15,284,5.28
2022/9/6,14,284,4.93
2022/9/6,11,284,3.87
2022/9/6,4,284,1.41
2022/9/6,3,284,1.06
2022/9/6,2,284,0.7
2022/9/6,2,284,0.7
2022/9/6,2,284,0.7
2022/9/6,2,284,0.7
2022/9/6,2,284,0.7
2022/9/6,1,284,0.35
2022/9/6,1,284,0.35
2022/9/6,1,284,0.35
2022/9/6,1,284,0.35
2022/9/6,1,284,0.35
2022/9/6,1,284,0.35
2022/9/5,126,262,48.09
2022/9/5,39,262,14.89
2022/9/5,31,262,11.83
2022/9/5,12,262,4.58
2022/9/5,10,262,3.82
2022/9/5,10,262,3.82
2022/9/5,7,262,2.67
2022/9/5,5,262,1.91
2022/9/5,4,262,1.53
2022/9/5,3,262,1.15
2022/9/5,2,262,0.76
2022/9/5,2,262,0.76
2022/9/5,2,262,0.76
2022/9/5,2,262,0.76
2022/9/5,2,262,0.76
2022/9/5,2,262,0.76
2022/9/5,1,262,0.38
2022/9/5,1,262,0.38
2022/9/5,1,262,0.38
2022/9/4,138,271,50.92
2022/9/4,42,271,15.5
2022/9/4,26,271,9.59
2022/9/4,17,271,6.27
2022/9/4,15,271,5.54
2022/9/4,8,271,2.95
2022/9/4,4,271,1.48
2022/9/4,3,271,1.11
2022/9/4,2,271,0.74
2022/9/4,2,271,0.74
2022/9/4,2,271,0.74
2022/9/4,2,271,0.74
2022/9/4,2,271,0.74
2022/9/4,1,271,0.37
2022/9/4,1,271,0.37
2022/9/4,1,271,0.37
2022/9/4,1,271,0.37
2022/9/4,1,271,0.37
2022/9/4,1,271,0.37
2022/9/4,1,271,0.37
2022/9/4,1,271,0.37
2022/9/3,292,434,67.28
2022/9/3,38,434,8.76
2022/9/3,29,434,6.68
2022/9/3,29,434,6.68
2022/9/3,14,434,3.23
2022/9/3,5,434,1.15
2022/9/3,5,434,1.15
2022/9/3,4,434,0.92
2022/9/3,4,434,0.92
2022/9/3,3,434,0.69
2022/9/3,3,434,0.69
2022/9/3,3,434,0.69
2022/9/3,2,434,0.46
2022/9/3,2,434,0.46
2022/9/3,1,434,0.23
2022/9/2,211,342,61.7
2022/9/2,57,342,16.67
2022/9/2,26,342,7.6
2022/9/2,10,342,2.92
2022/9/2,8,342,2.34
2022/9/2,8,342,2.34
2022/9/2,5,342,1.46
2022/9/2,3,342,0.88
2022/9/2,3,342,0.88
2022/9/2,3,342,0.88
2022/9/2,1,342,0.29
2022/9/2,1,342,0.29
2022/9/2,1,342,0.29
2022/9/2,1,342,0.29
2022/9/2,1,342,0.29
2022/9/2,1,342,0.29
2022/9/2,1,342,0.29
2022/9/2,1,342,0.29
2022/9/1,300,439,68.34
2022/9/1,59,439,13.44
2022/9/1,14,439,3.19
2022/9/1,13,439,2.96
2022/9/1,10,439,2.28
2022/9/1,10,439,2.28
2022/9/1,8,439,1.82
2022/9/1,6,439,1.37
2022/9/1,5,439,1.14
2022/9/1,4,439,0.91
2022/9/1,3,439,0.68
2022/9/1,2,439,0.46
2022/9/1,1,439,0.23
2022/9/1,1,439,0.23
2022/9/1,1,439,0.23
2022/9/1,1,439,0.23
2022/9/1,1,439,0.23
2022/8/31,261,362,72.1
2022/8/31,17,362,4.7
2022/8/31,15,362,4.14
2022/8/31,14,362,3.87
2022/8/31,12,362,3.31
2022/8/31,11,362,3.04
2022/8/31,8,362,2.21
2022/8/31,7,362,1.93
2022/8/31,4,362,1.1
2022/8/31,3,362,0.83
2022/8/31,3,362,0.83
2022/8/31,2,362,0.55
2022/8/31,1,362,0.28
2022/8/31,1,362,0.28
2022/8/31,1,362,0.28
2022/8/31,1,362,0.28
2022/8/31,1,362,0.28
2022/8/30,407,488,83.4
2022/8/30,16,488,3.28
2022/8/30,11,488,2.25
2022/8/30,10,488,2.05
2022/8/30,9,488,1.84
2022/8/30,8,488,1.64
2022/8/30,8,488,1.64
2022/8/30,6,488,1.23
2022/8/30,4,488,0.82
2022/8/30,4,488,0.82
2022/8/30,2,488,0.41
2022/8/30,1,488,0.2
2022/8/30,1,488,0.2
2022/8/30,1,488,0.2
2022/8/29,392,477,82.18
2022/8/29,17,477,3.56
2022/8/29,15,477,3.14
2022/8/29,10,477,2.1
2022/8/29,9,477,1.89
2022/8/29,7,477,1.47
2022/8/29,5,477,1.05
2022/8/29,5,477,1.05
2022/8/29,4,477,0.84
2022/8/29,3,477,0.63
2022/8/29,3,477,0.63
2022/8/29,2,477,0.42
2022/8/29,1,477,0.21
2022/8/29,1,477,0.21
2022/8/29,1,477,0.21
2022/8/29,1,477,0.21
2022/8/29,1,477,0.21
2022/8/28,467,564,82.8
2022/8/28,24,564,4.26
2022/8/28,15,564,2.66
2022/8/28,15,564,2.66
2022/8/28,12,564,2.13
2022/8/28,7,564,1.24
2022/8/28,5,564,0.89
2022/8/28,5,564,0.89
2022/8/28,4,564,0.71
2022/8/28,3,564,0.53
2022/8/28,3,564,0.53
2022/8/28,3,564,0.53
2022/8/28,1,564,0.18
2022/8/27,469,555,84.5
2022/8/27,16,555,2.88
2022/8/27,16,555,2.88
2022/8/27,11,555,1.98
2022/8/27,10,555,1.8
2022/8/27,9,555,1.62
2022/8/27,7,555,1.26
2022/8/27,4,555,0.72
2022/8/27,4,555,0.72
2022/8/27,3,555,0.54
2022/8/27,2,555,0.36
2022/8/27,1,555,0.18
2022/8/27,1,555,0.18
2022/8/27,1,555,0.18
2022/8/27,1,555,0.18
2022/8/26,541,617,87.68
2022/8/26,23,617,3.73
2022/8/26,13,617,2.11
2022/8/26,10,617,1.62
2022/8/26,6,617,0.97
2022/8/26,4,617,0.65
2022/8/26,4,617,0.65
2022/8/26,3,617,0.49
2022/8/26,2,617,0.32
2022/8/26,2,617,0.32
2022/8/26,2,617,0.32
2022/8/26,2,617,0.32
2022/8/26,1,617,0.16
2022/8/26,1,617,0.16
2022/8/26,1,617,0.16
2022/8/26,1,617,0.16
2022/8/26,1,617,0.16
2022/8/25,284,367,77.38
2022/8/25,21,367,5.72
2022/8/25,11,367,3.0
2022/8/25,9,367,2.45
2022/8/25,8,367,2.18
2022/8/25,7,367,1.91
2022/8/25,7,367,1.91
2022/8/25,5,367,1.36
2022/8/25,5,367,1.36
2022/8/25,3,367,0.82
2022/8/25,2,367,0.54
2022/8/25,2,367,0.54
2022/8/25,1,367,0.27
2022/8/25,1,367,0.27
2022/8/25,1,367,0.27
2022/8/24,568,639,88.89
2022/8/24,17,639,2.66
2022/8/24,14,639,2.19
2022/8/24,8,639,1.25
2022/8/24,6,639,0.94
2022/8/24,4,639,0.63
2022/8/24,4,639,0.63
2022/8/24,3,639,0.47
2022/8/24,3,639,0.47
2022/8/24,2,639,0.31
2022/8/24,2,639,0.31
2022/8/24,2,639,0.31
2022/8/24,1,639,0.16
2022/8/24,1,639,0.16
2022/8/24,1,639,0.16
2022/8/24,1,639,0.16
2022/8/24,1,639,0.16
2022/8/24,1,639,0.16
2022/8/23,555,633,87.68
2022/8/23,15,633,2.37
2022/8/23,14,633,2.21
2022/8/23,8,633,1.26
2022/8/23,7,633,1.11
2022/8/23,6,633,0.95
2022/8/23,5,633,0.79
2022/8/23,4,633,0.63
2022/8/23,4,633,0.63
2022/8/23,3,633,0.47
2022/8/23,2,633,0.32
2022/8/23,2,633,0.32
2022/8/23,2,633,0.32
2022/8/23,2,633,0.32
2022/8/23,1,633,0.16
2022/8/23,1,633,0.16
2022/8/23,1,633,0.16
2022/8/23,1,633,0.16
2022/8/22,448,513,87.33
2022/8/22,13,513,2.53
2022/8/22,10,513,1.95
2022/8/22,10,513,1.95
2022/8/22,9,513,1.75
2022/8/22,5,513,0.97
2022/8/22,4,513,0.78
2022/8/22,4,513,0.78
2022/8/22,4,513,0.78
2022/8/22,3,513,0.58
2022/8/22,1,513,0.19
2022/8/22,1,513,0.19
2022/8/22,1,513,0.19
2022/8/21,174,225,77.33
2022/8/21,9,225,4.0
2022/8/21,8,225,3.56
2022/8/21,6,225,2.67
2022/8/21,6,225,2.67
2022/8/21,5,225,2.22
2022/8/21,5,225,2.22
2022/8/21,3,225,1.33
2022/8/21,2,225,0.89
2022/8/21,2,225,0.89
2022/8/21,2,225,0.89
2022/8/21,1,225,0.44
2022/8/21,1,225,0.44
2022/8/21,1,225,0.44
2022/8/20,277,354,78.25
2022/8/20,25,354,7.06
2022/8/20,17,354,4.8
2022/8/20,7,354,1.98
2022/8/20,7,354,1.98
2022/8/20,6,354,1.69
2022/8/20,6,354,1.69
2022/8/20,3,354,0.85
2022/8/20,2,354,0.56
2022/8/20,1,354,0.28
2022/8/20,1,354,0.28
2022/8/20,1,354,0.28
2022/8/20,1,354,0.28
2022/8/19,48,89,53.93
2022/8/19,14,89,15.73
2022/8/19,8,89,8.99
2022/8/19,8,89,8.99
2022/8/19,3,89,3.37
2022/8/19,1,89,1.12
2022/8/19,1,89,1.12
2022/8/19,1,89,1.12
2022/8/19,1,89,1.12
2022/8/19,1,89,1.12
2022/8/19,1,89,1.12
2022/8/19,1,89,1.12
2022/8/19,1,89,1.12
2022/8/18,154,194,79.38
2022/8/18,8,194,4.12
2022/8/18,8,194,4.12
2022/8/18,6,194,3.09
2022/8/18,6,194,3.09
2022/8/18,5,194,2.58
2022/8/18,3,194,1.55
2022/8/18,2,194,1.03
2022/8/18,1,194,0.52
2022/8/18,1,194,0.52
2022/8/17,15,58,25.86
2022/8/17,12,58,20.69
2022/8/17,9,58,15.52
2022/8/17,8,58,13.79
2022/8/17,6,58,10.34
2022/8/17,2,58,3.45
2022/8/17,2,58,3.45
2022/8/17,2,58,3.45
2022/8/17,1,58,1.72
2022/8/17,1,58,1.72
2022/8/16,50,93,53.76
2022/8/16,13,93,13.98
2022/8/16,10,93,10.75
2022/8/16,10,93,10.75
2022/8/16,4,93,4.3
2022/8/16,2,93,2.15
2022/8/16,1,93,1.08
2022/8/16,1,93,1.08
2022/8/16,1,93,1.08
2022/8/16,1,93,1.08
2022/8/15,21,59,35.59
2022/8/15,18,59,30.51
2022/8/15,7,59,11.86
2022/8/15,4,59,6.78
2022/8/15,4,59,6.78
2022/8/15,2,59,3.39
2022/8/15,2,59,3.39
2022/8/15,1,59,1.69
2022/8/14,37,75,49.33
2022/8/14,9,75,12.0
2022/8/14,6,75,8.0
2022/8/14,6,75,8.0
2022/8/14,3,75,4.0
2022/8/14,3,75,4.0
2022/8/14,3,75,4.0
2022/8/14,2,75,2.67
2022/8/14,2,75,2.67
2022/8/14,2,75,2.67
2022/8/14,1,75,1.33
2022/8/14,1,75,1.33
2022/8/13,25,63,39.68
2022/8/13,11,63,17.46
2022/8/13,8,63,12.7
2022/8/13,8,63,12.7
2022/8/13,6,63,9.52
2022/8/13,2,63,3.17
2022/8/13,2,63,3.17
2022/8/13,1,63,1.59
2022/8/12,19,51,37.25
2022/8/12,17,51,33.33
2022/8/12,6,51,11.76
2022/8/12,5,51,9.8
2022/8/12,2,51,3.92
2022/8/12,1,51,1.96
2022/8/12,1,51,1.96
2022/8/11,23,60,38.33
2022/8/11,20,60,33.33
2022/8/11,4,60,6.67
2022/8/11,4,60,6.67
2022/8/11,3,60,5.0
2022/8/11,2,60,3.33
2022/8/11,2,60,3.33
2022/8/11,1,60,1.67
2022/8/11,1,60,1.67
2022/8/10,21,65,32.31
2022/8/10,17,65,26.15
2022/8/10,16,65,24.62
2022/8/10,2,65,3.08
2022/8/10,2,65,3.08
2022/8/10,2,65,3.08
2022/8/10,2,65,3.08
2022/8/10,2,65,3.08
2022/8/10,1,65,1.54
2022/8/9,24,56,42.86
2022/8/9,15,56,26.79
2022/8/9,8,56,14.29
2022/8/9,5,56,8.93
2022/8/9,2,56,3.57
2022/8/9,1,56,1.79
2022/8/9,1,56,1.79
2022/8/8,19,47,40.43
2022/8/8,10,47,21.28
2022/8/8,6,47,12.77
2022/8/8,3,47,6.38
2022/8/8,2,47,4.26
2022/8/8,2,47,4.26
2022/8/8,2,47,4.26
2022/8/8,1,47,2.13
2022/8/8,1,47,2.13
2022/8/8,1,47,2.13
2022/8/7,28,74,37.84
2022/8/7,24,74,32.43
2022/8/7,8,74,10.81
2022/8/7,7,74,9.46
2022/8/7,4,74,5.41
2022/8/7,2,74,2.7
2022/8/7,1,74,1.35
2022/8/6,41,98,41.84
2022/8/6,24,98,24.49
2022/8/6,14,98,14.29
2022/8/6,7,98,7.14
2022/8/6,3,98,3.06
2022/8/6,3,98,3.06
2022/8/6,2,98,2.04
2022/8/6,2,98,2.04
2022/8/6,1,98,1.02
2022/8/6,1,98,1.02
2022/8/5,90,149,60.4
2022/8/5,28,149,18.79
2022/8/5,18,149,12.08
2022/8/5,6,149,4.03
2022/8/5,5,149,3.36
2022/8/5,1,149,0.67
2022/8/5,1,149,0.67
2022/8/4,58,110,52.73
2022/8/4,26,110,23.64
2022/8/4,9,110,8.18
2022/8/4,4,110,3.64
2022/8/4,4,110,3.64
2022/8/4,3,110,2.73
2022/8/4,2,110,1.82
2022/8/4,1,110,0.91
2022/8/4,1,110,0.91
2022/8/4,1,110,0.91
2022/8/4,1,110,0.91
2022/8/3,36,90,40.0
2022/8/3,31,90,34.44
2022/8/3,10,90,11.11
2022/8/3,7,90,7.78
2022/8/3,2,90,2.22
2022/8/3,2,90,2.22
2022/8/3,2,90,2.22
2022/8/2,40,94,42.55
2022/8/2,27,94,28.72
2022/8/2,15,94,15.96
2022/8/2,5,94,5.32
2022/8/2,3,94,3.19
2022/8/2,2,94,2.13
2022/8/2,1,94,1.06
2022/8/2,1,94,1.06
2022/8/1,54,141,38.3
2022/8/1,44,141,31.21
2022/8/1,22,141,15.6
2022/8/1,4,141,2.84
2022/8/1,4,141,2.84
2022/8/1,3,141,2.13
2022/8/1,3,141,2.13
2022/8/1,2,141,1.42
2022/8/1,2,141,1.42
2022/8/1,2,141,1.42
2022/8/1,1,141,0.71
2022/7/31,36,79,45.57
2022/7/31,27,79,34.18
2022/7/31,5,79,6.33
2022/7/31,5,79,6.33
2022/7/31,3,79,3.8
2022/7/31,1,79,1.27
2022/7/31,1,79,1.27
2022/7/31,1,79,1.27
2022/7/30,50,94,53.19
2022/7/30,21,94,22.34
2022/7/30,5,94,5.32
2022/7/30,5,94,5.32
2022/7/30,4,94,4.26
2022/7/30,3,94,3.19
2022/7/30,3,94,3.19
2022/7/30,1,94,1.06
2022/7/30,1,94,1.06
2022/7/30,1,94,1.06
2022/7/29,36,59,61.02
2022/7/29,8,59,13.56
2022/7/29,7,59,11.86
2022/7/29,2,59,3.39
2022/7/29,2,59,3.39
2022/7/29,1,59,1.69
2022/7/29,1,59,1.69
2022/7/29,1,59,1.69
2022/7/29,1,59,1.69
2022/7/28,47,110,42.73
2022/7/28,29,110,26.36
2022/7/28,12,110,10.91
2022/7/28,8,110,7.27
2022/7/28,4,110,3.64
2022/7/28,3,110,2.73
2022/7/28,2,110,1.82
2022/7/28,1,110,0.91
2022/7/28,1,110,0.91
2022/7/28,1,110,0.91
2022/7/28,1,110,0.91
2022/7/28,1,110,0.91
2022/7/27,20,72,27.78
2022/7/27,17,72,23.61
2022/7/27,15,72,20.83
2022/7/27,5,72,6.94
2022/7/27,4,72,5.56
2022/7/27,3,72,4.17
2022/7/27,3,72,4.17
2022/7/27,2,72,2.78
2022/7/27,1,72,1.39
2022/7/27,1,72,1.39
2022/7/27,1,72,1.39
2022/7/26,37,93,39.78
2022/7/26,13,93,13.98
2022/7/26,12,93,12.9
2022/7/26,9,93,9.68
2022/7/26,6,93,6.45
2022/7/26,5,93,5.38
2022/7/26,3,93,3.23
2022/7/26,3,93,3.23
2022/7/26,1,93,1.08
2022/7/26,1,93,1.08
2022/7/26,1,93,1.08
2022/7/26,1,93,1.08
2022/7/26,1,93,1.08
2022/7/25,23,76,30.26
2022/7/25,14,76,18.42
2022/7/25,12,76,15.79
2022/7/25,7,76,9.21
2022/7/25,6,76,7.89
2022/7/25,2,76,2.63
2022/7/25,2,76,2.63
2022/7/25,2,76,2.63
2022/7/25,2,76,2.63
2022/7/25,2,76,2.63
2022/7/25,1,76,1.32
2022/7/25,1,76,1.32
2022/7/25,1,76,1.32
2022/7/25,1,76,1.32
2022/7/24,19,77,24.68
2022/7/24,16,77,20.78
2022/7/24,12,77,15.58
2022/7/24,9,77,11.69
2022/7/24,7,77,9.09
2022/7/24,4,77,5.19
2022/7/24,2,77,2.6
2022/7/24,2,77,2.6
2022/7/24,2,77,2.6
2022/7/24,2,77,2.6
2022/7/24,1,77,1.3
2022/7/24,1,77,1.3
2022/7/23,24,76,31.58
2022/7/23,11,76,14.47
2022/7/23,10,76,13.16
2022/7/23,6,76,7.89
2022/7/23,6,76,7.89
2022/7/23,4,76,5.26
2022/7/23,4,76,5.26
2022/7/23,3,76,3.95
2022/7/23,2,76,2.63
2022/7/23,2,76,2.63
2022/7/23,2,76,2.63
2022/7/23,1,76,1.32
2022/7/23,1,76,1.32
2022/7/22,14,65,21.54
2022/7/22,10,65,15.38
2022/7/22,9,65,13.85
2022/7/22,8,65,12.31
2022/7/22,6,65,9.23
2022/7/22,5,65,7.69
2022/7/22,5,65,7.69
2022/7/22,2,65,3.08
2022/7/22,2,65,3.08
2022/7/22,1,65,1.54
2022/7/22,1,65,1.54
2022/7/22,1,65,1.54
2022/7/22,1,65,1.54
2022/7/21,13,57,22.81
2022/7/21,10,57,17.54
2022/7/21,9,57,15.79
2022/7/21,6,57,10.53
2022/7/21,6,57,10.53
2022/7/21,3,57,5.26
2022/7/21,2,57,3.51
2022/7/21,2,57,3.51
2022/7/21,1,57,1.75
2022/7/21,1,57,1.75
2022/7/21,1,57,1.75
2022/7/21,1,57,1.75
2022/7/21,1,57,1.75
2022/7/21,1,57,1.75
2022/7/20,13,46,28.26
2022/7/20,12,46,26.09
2022/7/20,5,46,10.87
2022/7/20,4,46,8.7
2022/7/20,4,46,8.7
2022/7/20,3,46,6.52
2022/7/20,2,46,4.35
2022/7/20,1,46,2.17
2022/7/20,1,46,2.17
2022/7/20,1,46,2.17
2022/7/19,19,60,31.67
2022/7/19,16,60,26.67
2022/7/19,6,60,10.0
2022/7/19,5,60,8.33
2022/7/19,4,60,6.67
2022/7/19,3,60,5.0
2022/7/19,2,60,3.33
2022/7/19,2,60,3.33
2022/7/19,1,60,1.67
2022/7/19,1,60,1.67
2022/7/19,1,60,1.67
2022/7/18,27,79,34.18
2022/7/18,24,79,30.38
2022/7/18,10,79,12.66
2022/7/18,7,79,8.86
2022/7/18,3,79,3.8
2022/7/18,2,79,2.53
2022/7/18,1,79,1.27
2022/7/18,1,79,1.27
2022/7/18,1,79,1.27
2022/7/18,1,79,1.27
2022/7/18,1,79,1.27
2022/7/18,1,79,1.27
2022/7/17,19,45,42.22
2022/7/17,7,45,15.56
2022/7/17,5,45,11.11
2022/7/17,5,45,11.11
2022/7/17,3,45,6.67
2022/7/17,2,45,4.44
2022/7/17,1,45,2.22
2022/7/17,1,45,2.22
2022/7/17,1,45,2.22
2022/7/17,1,45,2.22
2022/7/16,27,53,50.94
2022/7/16,22,53,41.51
2022/7/16,4,53,7.55
2022/7/15,40,55,72.73
2022/7/15,4,55,7.27
2022/7/15,4,55,7.27
2022/7/15,2,55,3.64
2022/7/15,2,55,3.64
2022/7/15,1,55,1.82
2022/7/15,1,55,1.82
2022/7/15,1,55,1.82
2022/7/14,32,52,61.54
2022/7/14,11,52,21.15
2022/7/14,4,52,7.69
2022/7/14,4,52,7.69
2022/7/14,1,52,1.92
2022/7/13,46,58,79.31
2022/7/13,6,58,10.34
2022/7/13,4,58,6.9
2022/7/13,1,58,1.72
2022/7/13,1,58,1.72
2022/7/12,36,45,80.0
2022/7/12,6,45,13.33
2022/7/12,2,45,4.44
2022/7/12,1,45,2.22
2022/7/11,44,58,75.86
2022/7/11,8,58,13.79
2022/7/11,3,58,5.17
2022/7/11,1,58,1.72
2022/7/11,1,58,1.72
2022/7/11,1,58,1.72
2022/7/10,17,26,65.38
2022/7/10,4,26,15.38
2022/7/10,2,26,7.69
2022/7/10,2,26,7.69
2022/7/10,1,26,3.85
2022/7/9,9,17,52.94
2022/7/9,2,17,11.76
2022/7/9,2,17,11.76
2022/7/9,2,17,11.76
2022/7/9,1,17,5.88
2022/7/9,1,17,5.88
2022/7/8,8,21,38.1
2022/7/8,3,21,14.29
2022/7/8,3,21,14.29
2022/7/8,3,21,14.29
2022/7/8,2,21,9.52
2022/7/8,1,21,4.76
2022/7/8,1,21,4.76
2022/7/7,5,13,38.46
2022/7/7,3,13,23.08
2022/7/7,2,13,15.38
2022/7/7,2,13,15.38
2022/7/7,1,13,7.69
2022/7/6,9,18,50.0
2022/7/6,5,18,27.78
2022/7/6,3,18,16.67
2022/7/6,1,18,5.56
2022/7/5,2,4,50.0
2022/7/5,1,4,25.0
2022/7/5,1,4,25.0
2022/7/4,4,7,57.14
2022/7/4,1,7,14.29
2022/7/4,1,7,14.29
2022/7/4,1,7,14.29
2022/7/3,7,18,38.89
2022/7/3,6,18,33.33
2022/7/3,5,18,27.78
2022/7/2,6,12,50.0
2022/7/2,5,12,41.67
2022/7/2,1,12,8.33
2022/7/1,6,14,42.86
2022/7/1,5,14,35.71
2022/7/1,3,14,21.43
2022/6/30,15,23,65.22
2022/6/30,5,23,21.74
2022/6/30,2,23,8.7
2022/6/30,1,23,4.35
2022/6/29,12,33,36.36
2022/6/29,11,33,33.33
2022/6/29,10,33,30.3
2022/6/28,10,27,37.04
2022/6/28,10,27,37.04
2022/6/28,3,27,11.11
2022/6/28,2,27,7.41
2022/6/28,2,27,7.41
2022/6/27,20,46,43.48
2022/6/27,19,46,41.3
2022/6/27,4,46,8.7
2022/6/27,3,46,6.52
2022/6/26,18,47,38.3
2022/6/26,18,47,38.3
2022/6/26,5,47,10.64
2022/6/26,4,47,8.51
2022/6/26,2,47,4.26
2022/6/25,23,61,37.7
2022/6/25,18,61,29.51
2022/6/25,15,61,24.59
2022/6/25,3,61,4.92
2022/6/25,1,61,1.64
2022/6/25,1,61,1.64
2022/6/24,35,71,49.3
2022/6/24,24,71,33.8
2022/6/24,9,71,12.68
2022/6/24,3,71,4.23
2022/6/23,32,74,43.24
2022/6/23,28,74,37.84
2022/6/23,11,74,14.86
2022/6/23,2,74,2.7
2022/6/23,1,74,1.35
2022/6/22,39,68,57.35
2022/6/22,18,68,26.47
2022/6/22,9,68,13.24
2022/6/22,2,68,2.94
2022/6/21,39,61,63.93
2022/6/21,19,61,31.15
2022/6/21,3,61,4.92
2022/6/20,27,51,52.94
2022/6/20,10,51,19.61
2022/6/20,9,51,17.65
2022/6/20,5,51,9.8
2022/6/19,41,68,60.29
2022/6/19,10,68,14.71
2022/6/19,9,68,13.24
2022/6/19,3,68,4.41
2022/6/19,3,68,4.41
2022/6/19,1,68,1.47
2022/6/19,1,68,1.47
2022/6/18,18,29,62.07
2022/6/18,4,29,13.79
2022/6/18,4,29,13.79
2022/6/18,2,29,6.9
2022/6/18,1,29,3.45
2022/6/17,27,51,52.94
2022/6/17,11,51,21.57
2022/6/17,9,51,17.65
2022/6/17,3,51,5.88
2022/6/17,1,51,1.96
2022/6/16,21,35,60.0
2022/6/16,9,35,25.71
2022/6/16,3,35,8.57
2022/6/16,2,35,5.71
2022/6/15,28,52,53.85
2022/6/15,16,52,30.77
2022/6/15,4,52,7.69
2022/6/15,2,52,3.85
2022/6/15,2,52,3.85
2022/6/14,12,31,38.71
2022/6/14,12,31,38.71
2022/6/14,4,31,12.9
2022/6/14,2,31,6.45
2022/6/14,1,31,3.23
2022/6/13,23,36,63.89
2022/6/13,6,36,16.67
2022/6/13,3,36,8.33
2022/6/13,2,36,5.56
2022/6/13,1,36,2.78
2022/6/13,1,36,2.78
2022/6/12,28,49,57.14
2022/6/12,15,49,30.61
2022/6/12,2,49,4.08
2022/6/12,1,49,2.04
2022/6/12,1,49,2.04
2022/6/12,1,49,2.04
2022/6/12,1,49,2.04
2022/6/11,26,47,55.32
2022/6/11,15,47,31.91
2022/6/11,2,47,4.26
2022/6/11,1,47,2.13
2022/6/11,1,47,2.13
2022/6/11,1,47,2.13
2022/6/11,1,47,2.13
2022/6/10,31,71,43.66
2022/6/10,27,71,38.03
2022/6/10,9,71,12.68
2022/6/10,1,71,1.41
2022/6/10,1,71,1.41
2022/6/10,1,71,1.41
2022/6/10,1,71,1.41
2022/6/9,103,144,71.53
2022/6/9,19,144,13.19
2022/6/9,13,144,9.03
2022/6/9,4,144,2.78
2022/6/9,2,144,1.39
2022/6/9,1,144,0.69
2022/6/9,1,144,0.69
2022/6/9,1,144,0.69
2022/6/8,78,124,62.9
2022/6/8,26,124,20.97
2022/6/8,7,124,5.65
2022/6/8,7,124,5.65
2022/6/8,4,124,3.23
2022/6/8,1,124,0.81
2022/6/8,1,124,0.81
2022/6/7,68,129,52.71
2022/6/7,28,129,21.71
2022/6/7,16,129,12.4
2022/6/7,10,129,7.75
2022/6/7,4,129,3.1
2022/6/7,2,129,1.55
2022/6/7,1,129,0.78
2022/6/6,59,139,42.45
2022/6/6,41,139,29.5
2022/6/6,17,139,12.23
2022/6/6,10,139,7.19
2022/6/6,5,139,3.6
2022/6/6,4,139,2.88
2022/6/6,1,139,0.72
2022/6/6,1,139,0.72
2022/6/6,1,139,0.72
2022/6/5,173,238,72.69
2022/6/5,37,238,15.55
2022/6/5,12,238,5.04
2022/6/5,10,238,4.2
2022/6/5,2,238,0.84
2022/6/5,1,238,0.42
2022/6/5,1,238,0.42
2022/6/5,1,238,0.42
2022/6/5,1,238,0.42
2022/6/4,157,245,64.08
2022/6/4,44,245,17.96
2022/6/4,14,245,5.71
2022/6/4,13,245,5.31
2022/6/4,9,245,3.67
2022/6/4,6,245,2.45
2022/6/4,1,245,0.41
2022/6/4,1,245,0.41
2022/6/3,180,280,64.29
2022/6/3,51,280,18.21
2022/6/3,19,280,6.79
2022/6/3,16,280,5.71
2022/6/3,8,280,2.86
2022/6/3,2,280,0.71
2022/6/3,1,280,0.36
2022/6/3,1,280,0.36
2022/6/3,1,280,0.36
2022/6/3,1,280,0.36
2022/6/2,80,185,43.24
2022/6/2,53,185,28.65
2022/6/2,20,185,10.81
2022/6/2,10,185,5.41
2022/6/2,10,185,5.41
2022/6/2,10,185,5.41
2022/6/2,1,185,0.54
2022/6/2,1,185,0.54
2022/6/1,128,268,47.76
2022/6/1,60,268,22.39
2022/6/1,38,268,14.18
2022/6/1,17,268,6.34
2022/6/1,15,268,5.6
2022/6/1,8,268,2.99
2022/6/1,1,268,0.37
2022/6/1,1,268,0.37
2022/5/31,101,226,44.69
2022/5/31,40,226,17.7
2022/5/31,30,226,13.27
2022/5/31,17,226,7.52
2022/5/31,12,226,5.31
2022/5/31,11,226,4.87
2022/5/31,9,226,3.98
2022/5/31,3,226,1.33
2022/5/31,1,226,0.44
2022/5/31,1,226,0.44
2022/5/31,1,226,0.44
2022/5/30,189,271,69.74
2022/5/30,36,271,13.28
2022/5/30,15,271,5.54
2022/5/30,9,271,3.32
2022/5/30,8,271,2.95
2022/5/30,8,271,2.95
2022/5/30,5,271,1.85
2022/5/30,1,271,0.37
2022/5/29,119,203,58.62
2022/5/29,50,203,24.63
2022/5/29,11,203,5.42
2022/5/29,7,203,3.45
2022/5/29,7,203,3.45
2022/5/29,5,203,2.46
2022/5/29,3,203,1.48
2022/5/29,1,203,0.49
2022/5/28,114,235,48.51
2022/5/28,50,235,21.28
2022/5/28,21,235,8.94
2022/5/28,17,235,7.23
2022/5/28,10,235,4.26
2022/5/28,7,235,2.98
2022/5/28,7,235,2.98
2022/5/28,3,235,1.28
2022/5/28,2,235,0.85
2022/5/28,2,235,0.85
2022/5/28,1,235,0.43
2022/5/28,1,235,0.43
2022/5/27,161,251,64.14
2022/5/27,43,251,17.13
2022/5/27,12,251,4.78
2022/5/27,9,251,3.59
2022/5/27,9,251,3.59
2022/5/27,5,251,1.99
2022/5/27,4,251,1.59
2022/5/27,3,251,1.2
2022/5/27,2,251,0.8
2022/5/27,1,251,0.4
2022/5/27,1,251,0.4
2022/5/27,1,251,0.4
2022/5/26,128,192,66.67
2022/5/26,30,192,15.62
2022/5/26,8,192,4.17
2022/5/26,6,192,3.12
2022/5/26,6,192,3.12
2022/5/26,5,192,2.6
2022/5/26,3,192,1.56
2022/5/26,2,192,1.04
2022/5/26,2,192,1.04
2022/5/26,1,192,0.52
2022/5/26,1,192,0.52
2022/5/25,344,420,81.9
2022/5/25,36,420,8.57
2022/5/25,14,420,3.33
2022/5/25,8,420,1.9
2022/5/25,8,420,1.9
2022/5/25,2,420,0.48
2022/5/25,2,420,0.48
2022/5/25,2,420,0.48
2022/5/25,1,420,0.24
2022/5/25,1,420,0.24
2022/5/25,1,420,0.24
2022/5/25,1,420,0.24
2022/5/24,268,364,73.63
2022/5/24,32,364,8.79
2022/5/24,16,364,4.4
2022/5/24,14,364,3.85
2022/5/24,12,364,3.3
2022/5/24,6,364,1.65
2022/5/24,4,364,1.1
2022/5/24,3,364,0.82
2022/5/24,2,364,0.55
2022/5/24,2,364,0.55
2022/5/24,2,364,0.55
2022/5/24,1,364,0.27
2022/5/24,1,364,0.27
2022/5/24,1,364,0.27
2022/5/23,379,463,81.86
2022/5/23,39,463,8.42
2022/5/23,14,463,3.02
2022/5/23,8,463,1.73
2022/5/23,8,463,1.73
2022/5/23,5,463,1.08
2022/5/23,4,463,0.86
2022/5/23,2,463,0.43
2022/5/23,1,463,0.22
2022/5/23,1,463,0.22
2022/5/23,1,463,0.22
2022/5/23,1,463,0.22
2022/5/22,235,302,77.81
2022/5/22,41,302,13.58
2022/5/22,11,302,3.64
2022/5/22,5,302,1.66
2022/5/22,4,302,1.32
2022/5/22,3,302,0.99
2022/5/22,1,302,0.33
2022/5/22,1,302,0.33
2022/5/22,1,302,0.33
2022/5/21,343,464,73.92
2022/5/21,45,464,9.7
2022/5/21,14,464,3.02
2022/5/21,14,464,3.02
2022/5/21,14,464,3.02
2022/5/21,13,464,2.8
2022/5/21,8,464,1.72
2022/5/21,3,464,0.65
2022/5/21,3,464,0.65
2022/5/21,2,464,0.43
2022/5/21,1,464,0.22
2022/5/21,1,464,0.22
2022/5/21,1,464,0.22
2022/5/21,1,464,0.22
2022/5/21,1,464,0.22
2022/5/20,257,379,67.81
2022/5/20,46,379,12.14
2022/5/20,43,379,11.35
2022/5/20,9,379,2.37
2022/5/20,6,379,1.58
2022/5/20,5,379,1.32
2022/5/20,4,379,1.06
2022/5/20,4,379,1.06
2022/5/20,1,379,0.26
2022/5/20,1,379,0.26
2022/5/20,1,379,0.26
2022/5/20,1,379,0.26
2022/5/20,1,379,0.26
2022/5/19,184,301,61.13
2022/5/19,39,301,12.96
2022/5/19,17,301,5.65
2022/5/19,16,301,5.32
2022/5/19,13,301,4.32
2022/5/19,11,301,3.65
2022/5/19,5,301,1.66
2022/5/19,4,301,1.33
2022/5/19,4,301,1.33
2022/5/19,4,301,1.33
2022/5/19,2,301,0.66
2022/5/19,1,301,0.33
2022/5/19,1,301,0.33
2022/5/18,266,378,70.37
2022/5/18,31,378,8.2
2022/5/18,29,378,7.67
2022/5/18,16,378,4.23
2022/5/18,11,378,2.91
2022/5/18,8,378,2.12
2022/5/18,6,378,1.59
2022/5/18,3,378,0.79
2022/5/18,2,378,0.53
2022/5/18,2,378,0.53
2022/5/18,1,378,0.26
2022/5/18,1,378,0.26
2022/5/18,1,378,0.26
2022/5/18,1,378,0.26
2022/5/17,274,374,73.26
2022/5/17,51,374,13.64
2022/5/17,19,374,5.08
2022/5/17,10,374,2.67
2022/5/17,6,374,1.6
2022/5/17,6,374,1.6
2022/5/17,2,374,0.53
2022/5/17,1,374,0.27
2022/5/17,1,374,0.27
2022/5/17,1,374,0.27
2022/5/17,1,374,0.27
2022/5/17,1,374,0.27
2022/5/17,1,374,0.27
2022/5/16,315,450,70.0
2022/5/16,57,450,12.67
2022/5/16,17,450,3.78
2022/5/16,15,450,3.33
2022/5/16,14,450,3.11
2022/5/16,13,450,2.89
2022/5/16,5,450,1.11
2022/5/16,3,450,0.67
2022/5/16,3,450,0.67
2022/5/16,2,450,0.44
2022/5/16,2,450,0.44
2022/5/16,2,450,0.44
2022/5/16,1,450,0.22
2022/5/16,1,450,0.22
2022/5/15,468,615,76.1
2022/5/15,42,615,6.83
2022/5/15,41,615,6.67
2022/5/15,19,615,3.09
2022/5/15,11,615,1.79
2022/5/15,8,615,1.3
2022/5/15,6,615,0.98
2022/5/15,5,615,0.81
2022/5/15,5,615,0.81
2022/5/15,4,615,0.65
2022/5/15,4,615,0.65
2022/5/15,1,615,0.16
2022/5/15,1,615,0.16
2022/5/14,290,433,66.97
2022/5/14,54,433,12.47
2022/5/14,25,433,5.77
2022/5/14,15,433,3.46
2022/5/14,15,433,3.46
2022/5/14,14,433,3.23
2022/5/14,5,433,1.15
2022/5/14,5,433,1.15
2022/5/14,3,433,0.69
2022/5/14,2,433,0.46
2022/5/14,2,433,0.46
2022/5/14,2,433,0.46
2022/5/14,1,433,0.23
2022/5/13,721,857,84.13
2022/5/13,39,857,4.55
2022/5/13,38,857,4.43
2022/5/13,13,857,1.52
2022/5/13,8,857,0.93
2022/5/13,7,857,0.82
2022/5/13,4,857,0.47
2022/5/13,4,857,0.47
2022/5/13,3,857,0.35
2022/5/13,3,857,0.35
2022/5/13,3,857,0.35
2022/5/13,3,857,0.35
2022/5/13,3,857,0.35
2022/5/13,2,857,0.23
2022/5/13,1,857,0.12
2022/5/13,1,857,0.12
2022/5/13,1,857,0.12
2022/5/13,1,857,0.12
2022/5/13,1,857,0.12
2022/5/13,1,857,0.12
2022/5/12,414,608,68.09
2022/5/12,93,608,15.3
2022/5/12,36,608,5.92
2022/5/12,9,608,1.48
2022/5/12,9,608,1.48
2022/5/12,7,608,1.15
2022/5/12,6,608,0.99
2022/5/12,6,608,0.99
2022/5/12,6,608,0.99
2022/5/12,4,608,0.66
2022/5/12,3,608,0.49
2022/5/12,3,608,0.49
2022/5/12,3,608,0.49
2022/5/12,2,608,0.33
2022/5/12,2,608,0.33
2022/5/12,2,608,0.33
2022/5/12,1,608,0.16
2022/5/12,1,608,0.16
2022/5/12,1,608,0.16
2022/5/11,432,562,76.87
2022/5/11,45,562,8.01
2022/5/11,26,562,4.63
2022/5/11,15,562,2.67
2022/5/11,7,562,1.25
2022/5/11,6,562,1.07
2022/5/11,6,562,1.07
2022/5/11,5,562,0.89
2022/5/11,5,562,0.89
2022/5/11,3,562,0.53
2022/5/11,3,562,0.53
2022/5/11,2,562,0.36
2022/5/11,2,562,0.36
2022/5/11,2,562,0.36
2022/5/11,2,562,0.36
2022/5/11,1,562,0.18
2022/5/10,607,806,75.31
2022/5/10,98,806,12.16
2022/5/10,38,806,4.71
2022/5/10,16,806,1.99
2022/5/10,8,806,0.99
2022/5/10,6,806,0.74
2022/5/10,5,806,0.62
2022/5/10,5,806,0.62
2022/5/10,4,806,0.5
2022/5/10,4,806,0.5
2022/5/10,3,806,0.37
2022/5/10,3,806,0.37
2022/5/10,3,806,0.37
2022/5/10,3,806,0.37
2022/5/10,2,806,0.25
2022/5/10,1,806,0.12
2022/5/9,847,1007,84.11
2022/5/9,54,1007,5.36
2022/5/9,26,1007,2.58
2022/5/9,15,1007,1.49
2022/5/9,11,1007,1.09
2022/5/9,11,1007,1.09
2022/5/9,10,1007,0.99
2022/5/9,7,1007,0.7
2022/5/9,6,1007,0.6
2022/5/9,5,1007,0.5
2022/5/9,4,1007,0.4
2022/5/9,3,1007,0.3
2022/5/9,1,1007,0.1
2022/5/9,1,1007,0.1
2022/5/9,1,1007,0.1
2022/5/9,1,1007,0.1
2022/5/9,1,1007,0.1
2022/5/9,1,1007,0.1
2022/5/9,1,1007,0.1
2022/5/9,1,1007,0.1
2022/5/8,645,833,77.43
2022/5/8,57,833,6.84
2022/5/8,26,833,3.12
2022/5/8,23,833,2.76
2022/5/8,16,833,1.92
2022/5/8,12,833,1.44
2022/5/8,10,833,1.2
2022/5/8,8,833,0.96
2022/5/8,8,833,0.96
2022/5/8,7,833,0.84
2022/5/8,6,833,0.72
2022/5/8,4,833,0.48
2022/5/8,3,833,0.36
2022/5/8,2,833,0.24
2022/5/8,2,833,0.24
2022/5/8,2,833,0.24
2022/5/8,1,833,0.12
2022/5/8,1,833,0.12
2022/5/7,941,1102,85.39
2022/5/7,59,1102,5.35
2022/5/7,23,1102,2.09
2022/5/7,18,1102,1.63
2022/5/7,10,1102,0.91
2022/5/7,8,1102,0.73
2022/5/7,7,1102,0.64
2022/5/7,7,1102,0.64
2022/5/7,6,1102,0.54
2022/5/7,5,1102,0.45
2022/5/7,4,1102,0.36
2022/5/7,3,1102,0.27
2022/5/7,2,1102,0.18
2022/5/7,2,1102,0.18
2022/5/7,1,1102,0.09
2022/5/7,1,1102,0.09
2022/5/7,1,1102,0.09
2022/5/7,1,1102,0.09
2022/5/7,1,1102,0.09
2022/5/7,1,1102,0.09
2022/5/7,1,1102,0.09
2022/5/6,1663,1870,88.93
2022/5/6,75,1870,4.01
2022/5/6,47,1870,2.51
2022/5/6,34,1870,1.82
2022/5/6,16,1870,0.86
2022/5/6,9,1870,0.48
2022/5/6,4,1870,0.21
2022/5/6,4,1870,0.21
2022/5/6,3,1870,0.16
2022/5/6,3,1870,0.16
2022/5/6,3,1870,0.16
2022/5/6,2,1870,0.11
2022/5/6,2,1870,0.11
2022/5/6,1,1870,0.05
2022/5/6,1,1870,0.05
2022/5/6,1,1870,0.05
2022/5/6,1,1870,0.05
2022/5/6,1,1870,0.05
2022/5/5,1390,1584,87.75
2022/5/5,51,1584,3.22
2022/5/5,43,1584,2.71
2022/5/5,32,1584,2.02
2022/5/5,15,1584,0.95
2022/5/5,11,1584,0.69
2022/5/5,7,1584,0.44
2022/5/5,5,1584,0.32
2022/5/5,5,1584,0.32
2022/5/5,4,1584,0.25
2022/5/5,4,1584,0.25
2022/5/5,3,1584,0.19
2022/5/5,3,1584,0.19
2022/5/5,2,1584,0.13
2022/5/5,2,1584,0.13
2022/5/5,2,1584,0.13
2022/5/5,1,1584,0.06
2022/5/5,1,1584,0.06
2022/5/5,1,1584,0.06
2022/5/5,1,1584,0.06
2022/5/5,1,1584,0.06
2022/5/4,1739,2117,82.14
2022/5/4,263,2117,12.42
2022/5/4,31,2117,1.46
2022/5/4,20,2117,0.94
2022/5/4,18,2117,0.85
2022/5/4,10,2117,0.47
2022/5/4,6,2117,0.28
2022/5/4,5,2117,0.24
2022/5/4,4,2117,0.19
2022/5/4,4,2117,0.19
2022/5/4,4,2117,0.19
2022/5/4,4,2117,0.19
2022/5/4,3,2117,0.14
2022/5/4,2,2117,0.09
2022/5/4,2,2117,0.09
2022/5/4,1,2117,0.05
2022/5/4,1,2117,0.05
2022/5/3,1869,2075,90.07
2022/5/3,74,2075,3.57
2022/5/3,42,2075,2.02
2022/5/3,26,2075,1.25
2022/5/3,16,2075,0.77
2022/5/3,11,2075,0.53
2022/5/3,6,2075,0.29
2022/5/3,5,2075,0.24
2022/5/3,3,2075,0.14
2022/5/3,3,2075,0.14
2022/5/3,3,2075,0.14
2022/5/3,3,2075,0.14
2022/5/3,2,2075,0.1
2022/5/3,2,2075,0.1
2022/5/3,2,2075,0.1
2022/5/3,2,2075,0.1
2022/5/3,2,2075,0.1
2022/5/3,1,2075,0.05
2022/5/3,1,2075,0.05
2022/5/3,1,2075,0.05
2022/5/3,1,2075,0.05
2022/5/2,3981,4263,93.38
2022/5/2,151,4263,3.54
2022/5/2,30,4263,0.7
2022/5/2,23,4263,0.54
2022/5/2,19,4263,0.45
2022/5/2,18,4263,0.42
2022/5/2,12,4263,0.28
2022/5/2,5,4263,0.12
2022/5/2,5,4263,0.12
2022/5/2,5,4263,0.12
2022/5/2,4,4263,0.09
2022/5/2,3,4263,0.07
2022/5/2,2,4263,0.05
2022/5/2,1,4263,0.02
2022/5/2,1,4263,0.02
2022/5/2,1,4263,0.02
2022/5/2,1,4263,0.02
2022/5/2,1,4263,0.02
2022/5/1,4242,4647,91.28
2022/5/1,242,4647,5.21
2022/5/1,45,4647,0.97
2022/5/1,29,4647,0.62
2022/5/1,25,4647,0.54
2022/5/1,13,4647,0.28
2022/5/1,10,4647,0.22
2022/5/1,7,4647,0.15
2022/5/1,5,4647,0.11
2022/5/1,5,4647,0.11
2022/5/1,4,4647,0.09
2022/5/1,4,4647,0.09
2022/5/1,4,4647,0.09
2022/5/1,3,4647,0.06
2022/5/1,3,4647,0.06
2022/5/1,2,4647,0.04
2022/5/1,2,4647,0.04
2022/5/1,1,4647,0.02
2022/5/1,1,4647,0.02
